,news_id,user_id,title
0,150,11,"New Jersey Moves To Impeach Chris Christie Over ""Bridgegate"""
1,93,28,Why is it “RACIST” to Question Someone’s Birth Certificate? – Eagle Rising
2,7,30,The Black Sphere with Kevin Jackson
3,91,30,Proof The Mainstream Media Is Manipulating The Election By Taking Bill Clinton Out Of Context
4,93,36,Why is it “RACIST” to Question Someone’s Birth Certificate? – Eagle Rising
5,91,63,Proof The Mainstream Media Is Manipulating The Election By Taking Bill Clinton Out Of Context
6,93,74,Why is it “RACIST” to Question Someone’s Birth Certificate? – Eagle Rising
7,142,74,"ALERT: Police Pull Over ‘Islamic Refugee,’ Horrified To See What Was In The Car"
8,150,82,"New Jersey Moves To Impeach Chris Christie Over ""Bridgegate"""
9,30,84,REVEALED! Minnesota Mall Attacker ID'd As One Of Hillary's Somali Muslim Refugees
10,91,147,Proof The Mainstream Media Is Manipulating The Election By Taking Bill Clinton Out Of Context
11,93,141,Why is it “RACIST” to Question Someone’s Birth Certificate? – Eagle Rising
12,93,142,Why is it “RACIST” to Question Someone’s Birth Certificate? – Eagle Rising
13,23,111,Top Army Chief of Staff General Has Had It With Obama Incompetence ⋆ US Herald
14,150,111,"New Jersey Moves To Impeach Chris Christie Over ""Bridgegate"""
15,82,141,EXPOSED: Soros Funding Fake Veterans’ PAC To Take Trump Down
16,113,198,Trump Just Made A Campaign Promise So Ridiculous It Makes ‘Read My Lips’ Look Good ‹ Opposition Report
17,115,201,Congress MUST Act! Five Days Until Obama's Internet Giveaway [Video]
18,141,251,"Two White Men Doused With Gasoline, Set On FIRE By Blacks"
19,150,254,"New Jersey Moves To Impeach Chris Christie Over ""Bridgegate"""
20,93,258,Why is it “RACIST” to Question Someone’s Birth Certificate? – Eagle Rising
21,115,258,Congress MUST Act! Five Days Until Obama's Internet Giveaway [Video]
22,150,289,"New Jersey Moves To Impeach Chris Christie Over ""Bridgegate"""
23,7,292,The Black Sphere with Kevin Jackson
24,73,292,New Clinton Foundation SCANDAL Just Broke – This Is What Hillary ACTUALLY Thinks About Black People…
25,80,292,SURPRISE! 70% Of Charlotte RIOTERS Are Not From There – Guess What That Means… [VIDEO]
26,77,312,"‘We Don’t Adapt To Your Culture, You Adapt To Ours’"
27,91,316,Proof The Mainstream Media Is Manipulating The Election By Taking Bill Clinton Out Of Context
28,141,324,"Two White Men Doused With Gasoline, Set On FIRE By Blacks"
29,11,338,Trump’s Latest Campaign Promise May Be His Most Horrible One Yet
30,93,356,Why is it “RACIST” to Question Someone’s Birth Certificate? – Eagle Rising
31,91,358,Proof The Mainstream Media Is Manipulating The Election By Taking Bill Clinton Out Of Context
32,77,368,"‘We Don’t Adapt To Your Culture, You Adapt To Ours’"
33,115,393,Congress MUST Act! Five Days Until Obama's Internet Giveaway [Video]
34,92,414,Declassified Docs Show That Obama Admin Created ISIS In 2012 To Use As A 'Tool' ⋆ US Herald
35,80,443,SURPRISE! 70% Of Charlotte RIOTERS Are Not From There – Guess What That Means… [VIDEO]
36,93,447,Why is it “RACIST” to Question Someone’s Birth Certificate? – Eagle Rising
37,80,459,SURPRISE! 70% Of Charlotte RIOTERS Are Not From There – Guess What That Means… [VIDEO]
38,150,499,"New Jersey Moves To Impeach Chris Christie Over ""Bridgegate"""
39,80,525,SURPRISE! 70% Of Charlotte RIOTERS Are Not From There – Guess What That Means… [VIDEO]
40,150,533,"New Jersey Moves To Impeach Chris Christie Over ""Bridgegate"""
41,136,538,Charlotte Thugs Leaves Cop’s Body With Disgusting Thing They Did... ⋆ Freedom Daily
42,147,545,Hillary Thought She Won The Debate. Didn’t Expect This To Happen To Prove Her Wrong.
43,77,570,"‘We Don’t Adapt To Your Culture, You Adapt To Ours’"
44,80,579,SURPRISE! 70% Of Charlotte RIOTERS Are Not From There – Guess What That Means… [VIDEO]
45,7,587,The Black Sphere with Kevin Jackson
46,91,590,Proof The Mainstream Media Is Manipulating The Election By Taking Bill Clinton Out Of Context
47,21,600,Hillary Denies She and Obama Founded ISIS…Then This Video Shows Up
48,77,600,"‘We Don’t Adapt To Your Culture, You Adapt To Ours’"
49,82,600,EXPOSED: Soros Funding Fake Veterans’ PAC To Take Trump Down
50,93,633,Why is it “RACIST” to Question Someone’s Birth Certificate? – Eagle Rising
51,80,657,SURPRISE! 70% Of Charlotte RIOTERS Are Not From There – Guess What That Means… [VIDEO]
52,23,679,Top Army Chief of Staff General Has Had It With Obama Incompetence ⋆ US Herald
53,80,679,SURPRISE! 70% Of Charlotte RIOTERS Are Not From There – Guess What That Means… [VIDEO]
54,77,683,"‘We Don’t Adapt To Your Culture, You Adapt To Ours’"
55,93,718,Why is it “RACIST” to Question Someone’s Birth Certificate? – Eagle Rising
56,136,718,Charlotte Thugs Leaves Cop’s Body With Disgusting Thing They Did... ⋆ Freedom Daily
57,93,762,Why is it “RACIST” to Question Someone’s Birth Certificate? – Eagle Rising
58,21,771,Hillary Denies She and Obama Founded ISIS…Then This Video Shows Up
59,142,775,"ALERT: Police Pull Over ‘Islamic Refugee,’ Horrified To See What Was In The Car"
60,91,782,Proof The Mainstream Media Is Manipulating The Election By Taking Bill Clinton Out Of Context
61,22,796,Trump Just Made A Campaign Promise So Ridiculous It Makes ‘Read My Lips’ Look Good ‹ Opposition Report
62,150,796,"New Jersey Moves To Impeach Chris Christie Over ""Bridgegate"""
63,20,802,BREAKING: Did Hillary Clinton Have a Nervous Breakdown?
64,30,802,REVEALED! Minnesota Mall Attacker ID'd As One Of Hillary's Somali Muslim Refugees
65,49,802,Australia Voted To Ban Muslims And Liberals Are Pissed
66,91,802,Proof The Mainstream Media Is Manipulating The Election By Taking Bill Clinton Out Of Context
67,84,823,BOOM! Marines Send TERRORISTS Scathing Message [VIDEO]
68,43,827,Republicans Push Bill To Legalize Voter Intimidation To Help Trump In Pennsylvania
69,93,832,Why is it “RACIST” to Question Someone’s Birth Certificate? – Eagle Rising
70,115,882,Congress MUST Act! Five Days Until Obama's Internet Giveaway [Video]
71,7,898,The Black Sphere with Kevin Jackson
72,142,899,"ALERT: Police Pull Over ‘Islamic Refugee,’ Horrified To See What Was In The Car"
73,150,909,"New Jersey Moves To Impeach Chris Christie Over ""Bridgegate"""
74,80,913,SURPRISE! 70% Of Charlotte RIOTERS Are Not From There – Guess What That Means… [VIDEO]
75,104,936,Obama Pushes One World Government
76,130,936,No WAY! Liberal Judge Just Made A Law For Black Males To Do This DISGUSTING Thing To Cops ⋆ Freedom Daily
77,23,968,Top Army Chief of Staff General Has Had It With Obama Incompetence ⋆ US Herald
78,142,1006,"ALERT: Police Pull Over ‘Islamic Refugee,’ Horrified To See What Was In The Car"
79,125,1007,Angela Merkel Admits Bringing In Muslim Refugees Was A Big Fat Mistake
80,93,1026,Why is it “RACIST” to Question Someone’s Birth Certificate? – Eagle Rising
81,80,1059,SURPRISE! 70% Of Charlotte RIOTERS Are Not From There – Guess What That Means… [VIDEO]
82,7,1110,The Black Sphere with Kevin Jackson
83,73,1110,New Clinton Foundation SCANDAL Just Broke – This Is What Hillary ACTUALLY Thinks About Black People…
84,80,1110,SURPRISE! 70% Of Charlotte RIOTERS Are Not From There – Guess What That Means… [VIDEO]
85,73,1114,New Clinton Foundation SCANDAL Just Broke – This Is What Hillary ACTUALLY Thinks About Black People…
86,93,1115,Why is it “RACIST” to Question Someone’s Birth Certificate? – Eagle Rising
87,21,1123,Hillary Denies She and Obama Founded ISIS…Then This Video Shows Up
88,62,1141,Putin's Troll Army Caught Rigging Twitter To Pretend Trump Won
89,93,1154,Why is it “RACIST” to Question Someone’s Birth Certificate? – Eagle Rising
90,7,1155,The Black Sphere with Kevin Jackson
91,91,1183,Proof The Mainstream Media Is Manipulating The Election By Taking Bill Clinton Out Of Context
92,93,1213,Why is it “RACIST” to Question Someone’s Birth Certificate? – Eagle Rising
93,91,1225,Proof The Mainstream Media Is Manipulating The Election By Taking Bill Clinton Out Of Context
94,91,1235,Proof The Mainstream Media Is Manipulating The Election By Taking Bill Clinton Out Of Context
95,93,1244,Why is it “RACIST” to Question Someone’s Birth Certificate? – Eagle Rising
96,115,1244,Congress MUST Act! Five Days Until Obama's Internet Giveaway [Video]
97,150,1253,"New Jersey Moves To Impeach Chris Christie Over ""Bridgegate"""
98,152,1289,Surgeon General warns: Drinking every time Trump lies during debate could result in acute alcohol poisoning
99,115,1323,Congress MUST Act! Five Days Until Obama's Internet Giveaway [Video]
100,125,1323,Angela Merkel Admits Bringing In Muslim Refugees Was A Big Fat Mistake
101,113,1324,Trump Just Made A Campaign Promise So Ridiculous It Makes ‘Read My Lips’ Look Good ‹ Opposition Report
102,93,1347,Why is it “RACIST” to Question Someone’s Birth Certificate? – Eagle Rising
103,73,1390,New Clinton Foundation SCANDAL Just Broke – This Is What Hillary ACTUALLY Thinks About Black People…
104,62,1432,Putin's Troll Army Caught Rigging Twitter To Pretend Trump Won
105,91,1432,Proof The Mainstream Media Is Manipulating The Election By Taking Bill Clinton Out Of Context
106,21,1472,Hillary Denies She and Obama Founded ISIS…Then This Video Shows Up
107,93,1479,Why is it “RACIST” to Question Someone’s Birth Certificate? – Eagle Rising
108,115,1490,Congress MUST Act! Five Days Until Obama's Internet Giveaway [Video]
109,49,1510,Australia Voted To Ban Muslims And Liberals Are Pissed
110,23,1521,Top Army Chief of Staff General Has Had It With Obama Incompetence ⋆ US Herald
111,93,1523,Why is it “RACIST” to Question Someone’s Birth Certificate? – Eagle Rising
112,125,1524,Angela Merkel Admits Bringing In Muslim Refugees Was A Big Fat Mistake
113,142,1573,"ALERT: Police Pull Over ‘Islamic Refugee,’ Horrified To See What Was In The Car"
114,91,1597,Proof The Mainstream Media Is Manipulating The Election By Taking Bill Clinton Out Of Context
115,142,1654,"ALERT: Police Pull Over ‘Islamic Refugee,’ Horrified To See What Was In The Car"
116,65,1655,Donald Trump Goes Off The Deep End–May Be Unfit For Debate ‹ Opposition Report
117,91,1675,Proof The Mainstream Media Is Manipulating The Election By Taking Bill Clinton Out Of Context
118,164,1702,New Clinton Foundation SCANDAL Just Broke – This Is What Hillary ACTUALLY Thinks About Black People…
119,93,1704,Why is it “RACIST” to Question Someone’s Birth Certificate? – Eagle Rising
120,73,1732,New Clinton Foundation SCANDAL Just Broke – This Is What Hillary ACTUALLY Thinks About Black People…
121,150,1740,"New Jersey Moves To Impeach Chris Christie Over ""Bridgegate"""
122,113,1742,Trump Just Made A Campaign Promise So Ridiculous It Makes ‘Read My Lips’ Look Good ‹ Opposition Report
123,93,1743,Why is it “RACIST” to Question Someone’s Birth Certificate? – Eagle Rising
124,93,1750,Why is it “RACIST” to Question Someone’s Birth Certificate? – Eagle Rising
125,80,1756,SURPRISE! 70% Of Charlotte RIOTERS Are Not From There – Guess What That Means… [VIDEO]
126,22,1761,Trump Just Made A Campaign Promise So Ridiculous It Makes ‘Read My Lips’ Look Good ‹ Opposition Report
127,93,1795,Why is it “RACIST” to Question Someone’s Birth Certificate? – Eagle Rising
128,150,1798,"New Jersey Moves To Impeach Chris Christie Over ""Bridgegate"""
129,113,1799,Trump Just Made A Campaign Promise So Ridiculous It Makes ‘Read My Lips’ Look Good ‹ Opposition Report
130,23,1812,Top Army Chief of Staff General Has Had It With Obama Incompetence ⋆ US Herald
131,73,1812,New Clinton Foundation SCANDAL Just Broke – This Is What Hillary ACTUALLY Thinks About Black People…
132,93,1865,Why is it “RACIST” to Question Someone’s Birth Certificate? – Eagle Rising
133,125,1869,Angela Merkel Admits Bringing In Muslim Refugees Was A Big Fat Mistake
134,91,1870,Proof The Mainstream Media Is Manipulating The Election By Taking Bill Clinton Out Of Context
135,125,1873,Angela Merkel Admits Bringing In Muslim Refugees Was A Big Fat Mistake
136,150,1874,"New Jersey Moves To Impeach Chris Christie Over ""Bridgegate"""
137,136,1907,Charlotte Thugs Leaves Cop’s Body With Disgusting Thing They Did... ⋆ Freedom Daily
138,150,1974,"New Jersey Moves To Impeach Chris Christie Over ""Bridgegate"""
139,141,1983,"Two White Men Doused With Gasoline, Set On FIRE By Blacks"
140,91,1989,Proof The Mainstream Media Is Manipulating The Election By Taking Bill Clinton Out Of Context
141,91,1995,Proof The Mainstream Media Is Manipulating The Election By Taking Bill Clinton Out Of Context
142,7,2009,The Black Sphere with Kevin Jackson
143,80,2009,SURPRISE! 70% Of Charlotte RIOTERS Are Not From There – Guess What That Means… [VIDEO]
144,91,2009,Proof The Mainstream Media Is Manipulating The Election By Taking Bill Clinton Out Of Context
145,91,2010,Proof The Mainstream Media Is Manipulating The Election By Taking Bill Clinton Out Of Context
146,93,2042,Why is it “RACIST” to Question Someone’s Birth Certificate? – Eagle Rising
147,22,2051,Trump Just Made A Campaign Promise So Ridiculous It Makes ‘Read My Lips’ Look Good ‹ Opposition Report
148,113,2074,Trump Just Made A Campaign Promise So Ridiculous It Makes ‘Read My Lips’ Look Good ‹ Opposition Report
149,115,2111,Congress MUST Act! Five Days Until Obama's Internet Giveaway [Video]
150,91,2125,Proof The Mainstream Media Is Manipulating The Election By Taking Bill Clinton Out Of Context
151,115,2161,Congress MUST Act! Five Days Until Obama's Internet Giveaway [Video]
152,23,2173,Top Army Chief of Staff General Has Had It With Obama Incompetence ⋆ US Herald
153,73,2173,New Clinton Foundation SCANDAL Just Broke – This Is What Hillary ACTUALLY Thinks About Black People…
154,113,2202,Trump Just Made A Campaign Promise So Ridiculous It Makes ‘Read My Lips’ Look Good ‹ Opposition Report
155,150,2213,"New Jersey Moves To Impeach Chris Christie Over ""Bridgegate"""
156,93,2238,Why is it “RACIST” to Question Someone’s Birth Certificate? – Eagle Rising
157,80,2254,SURPRISE! 70% Of Charlotte RIOTERS Are Not From There – Guess What That Means… [VIDEO]
158,91,2258,Proof The Mainstream Media Is Manipulating The Election By Taking Bill Clinton Out Of Context
159,91,2261,Proof The Mainstream Media Is Manipulating The Election By Taking Bill Clinton Out Of Context
160,91,2283,Proof The Mainstream Media Is Manipulating The Election By Taking Bill Clinton Out Of Context
161,80,2300,SURPRISE! 70% Of Charlotte RIOTERS Are Not From There – Guess What That Means… [VIDEO]
162,23,2316,Top Army Chief of Staff General Has Had It With Obama Incompetence ⋆ US Herald
163,91,2318,Proof The Mainstream Media Is Manipulating The Election By Taking Bill Clinton Out Of Context
164,142,2343,"ALERT: Police Pull Over ‘Islamic Refugee,’ Horrified To See What Was In The Car"
165,77,2384,"‘We Don’t Adapt To Your Culture, You Adapt To Ours’"
166,93,2389,Why is it “RACIST” to Question Someone’s Birth Certificate? – Eagle Rising
167,84,2406,BOOM! Marines Send TERRORISTS Scathing Message [VIDEO]
168,91,2407,Proof The Mainstream Media Is Manipulating The Election By Taking Bill Clinton Out Of Context
169,23,2444,Top Army Chief of Staff General Has Had It With Obama Incompetence ⋆ US Herald
170,115,2445,Congress MUST Act! Five Days Until Obama's Internet Giveaway [Video]
171,93,2451,Why is it “RACIST” to Question Someone’s Birth Certificate? – Eagle Rising
172,23,2507,Top Army Chief of Staff General Has Had It With Obama Incompetence ⋆ US Herald
173,73,2507,New Clinton Foundation SCANDAL Just Broke – This Is What Hillary ACTUALLY Thinks About Black People…
174,82,2529,EXPOSED: Soros Funding Fake Veterans’ PAC To Take Trump Down
175,150,2595,"New Jersey Moves To Impeach Chris Christie Over ""Bridgegate"""
176,23,2596,Top Army Chief of Staff General Has Had It With Obama Incompetence ⋆ US Herald
177,91,2596,Proof The Mainstream Media Is Manipulating The Election By Taking Bill Clinton Out Of Context
178,82,2597,EXPOSED: Soros Funding Fake Veterans’ PAC To Take Trump Down
179,80,2638,SURPRISE! 70% Of Charlotte RIOTERS Are Not From There – Guess What That Means… [VIDEO]
180,141,2654,"Two White Men Doused With Gasoline, Set On FIRE By Blacks"
181,23,2660,Top Army Chief of Staff General Has Had It With Obama Incompetence ⋆ US Herald
182,80,2660,SURPRISE! 70% Of Charlotte RIOTERS Are Not From There – Guess What That Means… [VIDEO]
183,21,2663,Hillary Denies She and Obama Founded ISIS…Then This Video Shows Up
184,23,2663,Top Army Chief of Staff General Has Had It With Obama Incompetence ⋆ US Herald
185,77,2663,"‘We Don’t Adapt To Your Culture, You Adapt To Ours’"
186,150,2666,"New Jersey Moves To Impeach Chris Christie Over ""Bridgegate"""
187,93,2693,Why is it “RACIST” to Question Someone’s Birth Certificate? – Eagle Rising
188,125,2699,Angela Merkel Admits Bringing In Muslim Refugees Was A Big Fat Mistake
189,91,2716,Proof The Mainstream Media Is Manipulating The Election By Taking Bill Clinton Out Of Context
190,150,2730,"New Jersey Moves To Impeach Chris Christie Over ""Bridgegate"""
191,142,2733,"ALERT: Police Pull Over ‘Islamic Refugee,’ Horrified To See What Was In The Car"
192,136,2756,Charlotte Thugs Leaves Cop’s Body With Disgusting Thing They Did... ⋆ Freedom Daily
193,91,2791,Proof The Mainstream Media Is Manipulating The Election By Taking Bill Clinton Out Of Context
194,23,2801,Top Army Chief of Staff General Has Had It With Obama Incompetence ⋆ US Herald
195,113,2810,Trump Just Made A Campaign Promise So Ridiculous It Makes ‘Read My Lips’ Look Good ‹ Opposition Report
196,115,2810,Congress MUST Act! Five Days Until Obama's Internet Giveaway [Video]
197,147,2810,Hillary Thought She Won The Debate. Didn’t Expect This To Happen To Prove Her Wrong.
198,115,2834,Congress MUST Act! Five Days Until Obama's Internet Giveaway [Video]
199,12,2863,Website is Down For Maintenance
200,115,2987,Congress MUST Act! Five Days Until Obama's Internet Giveaway [Video]
201,23,2989,Top Army Chief of Staff General Has Had It With Obama Incompetence ⋆ US Herald
202,93,3010,Why is it “RACIST” to Question Someone’s Birth Certificate? – Eagle Rising
203,80,3018,SURPRISE! 70% Of Charlotte RIOTERS Are Not From There – Guess What That Means… [VIDEO]
204,93,3046,Why is it “RACIST” to Question Someone’s Birth Certificate? – Eagle Rising
205,125,3053,Angela Merkel Admits Bringing In Muslim Refugees Was A Big Fat Mistake
206,73,3065,New Clinton Foundation SCANDAL Just Broke – This Is What Hillary ACTUALLY Thinks About Black People…
207,23,3075,Top Army Chief of Staff General Has Had It With Obama Incompetence ⋆ US Herald
208,91,3090,Proof The Mainstream Media Is Manipulating The Election By Taking Bill Clinton Out Of Context
209,93,3108,Why is it “RACIST” to Question Someone’s Birth Certificate? – Eagle Rising
210,91,3147,Proof The Mainstream Media Is Manipulating The Election By Taking Bill Clinton Out Of Context
211,93,3169,Why is it “RACIST” to Question Someone’s Birth Certificate? – Eagle Rising
212,150,3171,"New Jersey Moves To Impeach Chris Christie Over ""Bridgegate"""
213,73,3178,New Clinton Foundation SCANDAL Just Broke – This Is What Hillary ACTUALLY Thinks About Black People…
214,93,3197,Why is it “RACIST” to Question Someone’s Birth Certificate? – Eagle Rising
215,150,3206,"New Jersey Moves To Impeach Chris Christie Over ""Bridgegate"""
216,91,3211,Proof The Mainstream Media Is Manipulating The Election By Taking Bill Clinton Out Of Context
217,80,3224,SURPRISE! 70% Of Charlotte RIOTERS Are Not From There – Guess What That Means… [VIDEO]
218,80,3340,SURPRISE! 70% Of Charlotte RIOTERS Are Not From There – Guess What That Means… [VIDEO]
219,91,3376,Proof The Mainstream Media Is Manipulating The Election By Taking Bill Clinton Out Of Context
220,23,3394,Top Army Chief of Staff General Has Had It With Obama Incompetence ⋆ US Herald
221,80,3395,SURPRISE! 70% Of Charlotte RIOTERS Are Not From There – Guess What That Means… [VIDEO]
222,141,3406,"Two White Men Doused With Gasoline, Set On FIRE By Blacks"
223,93,3414,Why is it “RACIST” to Question Someone’s Birth Certificate? – Eagle Rising
224,80,3429,SURPRISE! 70% Of Charlotte RIOTERS Are Not From There – Guess What That Means… [VIDEO]
225,125,3438,Angela Merkel Admits Bringing In Muslim Refugees Was A Big Fat Mistake
226,125,3470,Angela Merkel Admits Bringing In Muslim Refugees Was A Big Fat Mistake
227,80,3502,SURPRISE! 70% Of Charlotte RIOTERS Are Not From There – Guess What That Means… [VIDEO]
228,91,3511,Proof The Mainstream Media Is Manipulating The Election By Taking Bill Clinton Out Of Context
229,115,3574,Congress MUST Act! Five Days Until Obama's Internet Giveaway [Video]
230,23,3581,Top Army Chief of Staff General Has Had It With Obama Incompetence ⋆ US Herald
231,48,3581,Federal Agents Make Massive Discovery at Southern Border… ISIS Is Here ⋆ Freedom Daily
232,93,3620,Why is it “RACIST” to Question Someone’s Birth Certificate? – Eagle Rising
233,102,3629,Trump’s Latest Campaign Promise May Be His Most Horrible One Yet
234,111,3629,BREAKING: Did Hillary Clinton Have a Nervous Breakdown?
235,125,3629,Angela Merkel Admits Bringing In Muslim Refugees Was A Big Fat Mistake
236,150,3633,"New Jersey Moves To Impeach Chris Christie Over ""Bridgegate"""
237,82,3702,EXPOSED: Soros Funding Fake Veterans’ PAC To Take Trump Down
238,23,3708,Top Army Chief of Staff General Has Had It With Obama Incompetence ⋆ US Herald
239,40,3715,Clinton's Exploited Haiti Earthquake ‘to Steal Billions of Dollars from the Sick and Starving’ ⋆ Freedom Daily
240,91,3715,Proof The Mainstream Media Is Manipulating The Election By Taking Bill Clinton Out Of Context
241,125,3725,Angela Merkel Admits Bringing In Muslim Refugees Was A Big Fat Mistake
242,115,3727,Congress MUST Act! Five Days Until Obama's Internet Giveaway [Video]
243,141,3732,"Two White Men Doused With Gasoline, Set On FIRE By Blacks"
244,91,3734,Proof The Mainstream Media Is Manipulating The Election By Taking Bill Clinton Out Of Context
245,125,3739,Angela Merkel Admits Bringing In Muslim Refugees Was A Big Fat Mistake
246,141,3744,"Two White Men Doused With Gasoline, Set On FIRE By Blacks"
247,115,3759,Congress MUST Act! Five Days Until Obama's Internet Giveaway [Video]
248,73,3770,New Clinton Foundation SCANDAL Just Broke – This Is What Hillary ACTUALLY Thinks About Black People…
249,150,3779,"New Jersey Moves To Impeach Chris Christie Over ""Bridgegate"""
250,65,3794,Donald Trump Goes Off The Deep End–May Be Unfit For Debate ‹ Opposition Report
251,150,3834,"New Jersey Moves To Impeach Chris Christie Over ""Bridgegate"""
252,93,3865,Why is it “RACIST” to Question Someone’s Birth Certificate? – Eagle Rising
253,84,3867,BOOM! Marines Send TERRORISTS Scathing Message [VIDEO]
254,43,3876,Republicans Push Bill To Legalize Voter Intimidation To Help Trump In Pennsylvania
255,80,3918,SURPRISE! 70% Of Charlotte RIOTERS Are Not From There – Guess What That Means… [VIDEO]
256,125,3922,Angela Merkel Admits Bringing In Muslim Refugees Was A Big Fat Mistake
257,150,3945,"New Jersey Moves To Impeach Chris Christie Over ""Bridgegate"""
258,115,3985,Congress MUST Act! Five Days Until Obama's Internet Giveaway [Video]
259,82,4038,EXPOSED: Soros Funding Fake Veterans’ PAC To Take Trump Down
260,141,4053,"Two White Men Doused With Gasoline, Set On FIRE By Blacks"
261,77,4089,"‘We Don’t Adapt To Your Culture, You Adapt To Ours’"
262,7,4104,The Black Sphere with Kevin Jackson
263,73,4104,New Clinton Foundation SCANDAL Just Broke – This Is What Hillary ACTUALLY Thinks About Black People…
264,80,4104,SURPRISE! 70% Of Charlotte RIOTERS Are Not From There – Guess What That Means… [VIDEO]
265,93,4106,Why is it “RACIST” to Question Someone’s Birth Certificate? – Eagle Rising
266,125,4127,Angela Merkel Admits Bringing In Muslim Refugees Was A Big Fat Mistake
267,91,4155,Proof The Mainstream Media Is Manipulating The Election By Taking Bill Clinton Out Of Context
268,43,4179,Republicans Push Bill To Legalize Voter Intimidation To Help Trump In Pennsylvania
269,91,4187,Proof The Mainstream Media Is Manipulating The Election By Taking Bill Clinton Out Of Context
270,28,4205,CNN’s Post-Debate Rigged Poll Busted…Here Are The Real Results
271,91,4228,Proof The Mainstream Media Is Manipulating The Election By Taking Bill Clinton Out Of Context
272,93,4230,Why is it “RACIST” to Question Someone’s Birth Certificate? – Eagle Rising
273,150,4248,"New Jersey Moves To Impeach Chris Christie Over ""Bridgegate"""
274,22,4259,Trump Just Made A Campaign Promise So Ridiculous It Makes ‘Read My Lips’ Look Good ‹ Opposition Report
275,150,4259,"New Jersey Moves To Impeach Chris Christie Over ""Bridgegate"""
276,23,4260,Top Army Chief of Staff General Has Had It With Obama Incompetence ⋆ US Herald
277,150,4276,"New Jersey Moves To Impeach Chris Christie Over ""Bridgegate"""
278,73,4301,New Clinton Foundation SCANDAL Just Broke – This Is What Hillary ACTUALLY Thinks About Black People…
279,141,4302,"Two White Men Doused With Gasoline, Set On FIRE By Blacks"
280,93,4307,Why is it “RACIST” to Question Someone’s Birth Certificate? – Eagle Rising
281,125,4322,Angela Merkel Admits Bringing In Muslim Refugees Was A Big Fat Mistake
282,150,4339,"New Jersey Moves To Impeach Chris Christie Over ""Bridgegate"""
283,93,4364,Why is it “RACIST” to Question Someone’s Birth Certificate? – Eagle Rising
284,125,4428,Angela Merkel Admits Bringing In Muslim Refugees Was A Big Fat Mistake
285,91,4455,Proof The Mainstream Media Is Manipulating The Election By Taking Bill Clinton Out Of Context
286,150,4470,"New Jersey Moves To Impeach Chris Christie Over ""Bridgegate"""
287,23,4519,Top Army Chief of Staff General Has Had It With Obama Incompetence ⋆ US Herald
288,150,4544,"New Jersey Moves To Impeach Chris Christie Over ""Bridgegate"""
289,91,4551,Proof The Mainstream Media Is Manipulating The Election By Taking Bill Clinton Out Of Context
290,115,4553,Congress MUST Act! Five Days Until Obama's Internet Giveaway [Video]
291,93,4600,Why is it “RACIST” to Question Someone’s Birth Certificate? – Eagle Rising
292,91,4610,Proof The Mainstream Media Is Manipulating The Election By Taking Bill Clinton Out Of Context
293,20,4616,BREAKING: Did Hillary Clinton Have a Nervous Breakdown?
294,93,4634,Why is it “RACIST” to Question Someone’s Birth Certificate? – Eagle Rising
295,104,4650,Obama Pushes One World Government
296,130,4650,No WAY! Liberal Judge Just Made A Law For Black Males To Do This DISGUSTING Thing To Cops ⋆ Freedom Daily
297,150,4657,"New Jersey Moves To Impeach Chris Christie Over ""Bridgegate"""
298,91,4669,Proof The Mainstream Media Is Manipulating The Election By Taking Bill Clinton Out Of Context
299,115,4692,Congress MUST Act! Five Days Until Obama's Internet Giveaway [Video]
300,93,4705,Why is it “RACIST” to Question Someone’s Birth Certificate? – Eagle Rising
301,115,4705,Congress MUST Act! Five Days Until Obama's Internet Giveaway [Video]
302,141,4705,"Two White Men Doused With Gasoline, Set On FIRE By Blacks"
303,115,4720,Congress MUST Act! Five Days Until Obama's Internet Giveaway [Video]
304,136,4720,Charlotte Thugs Leaves Cop’s Body With Disgusting Thing They Did... ⋆ Freedom Daily
305,91,4723,Proof The Mainstream Media Is Manipulating The Election By Taking Bill Clinton Out Of Context
306,23,4730,Top Army Chief of Staff General Has Had It With Obama Incompetence ⋆ US Herald
307,73,4730,New Clinton Foundation SCANDAL Just Broke – This Is What Hillary ACTUALLY Thinks About Black People…
308,82,4749,EXPOSED: Soros Funding Fake Veterans’ PAC To Take Trump Down
309,7,4843,The Black Sphere with Kevin Jackson
310,73,4843,New Clinton Foundation SCANDAL Just Broke – This Is What Hillary ACTUALLY Thinks About Black People…
311,80,4843,SURPRISE! 70% Of Charlotte RIOTERS Are Not From There – Guess What That Means… [VIDEO]
312,80,4844,SURPRISE! 70% Of Charlotte RIOTERS Are Not From There – Guess What That Means… [VIDEO]
313,150,4848,"New Jersey Moves To Impeach Chris Christie Over ""Bridgegate"""
314,80,4871,SURPRISE! 70% Of Charlotte RIOTERS Are Not From There – Guess What That Means… [VIDEO]
315,60,4872,Newsweek Accuses Trump Of Committing A Felony
316,150,4872,"New Jersey Moves To Impeach Chris Christie Over ""Bridgegate"""
317,48,4873,Federal Agents Make Massive Discovery at Southern Border… ISIS Is Here ⋆ Freedom Daily
318,80,4873,SURPRISE! 70% Of Charlotte RIOTERS Are Not From There – Guess What That Means… [VIDEO]
319,93,4895,Why is it “RACIST” to Question Someone’s Birth Certificate? – Eagle Rising
320,150,4920,"New Jersey Moves To Impeach Chris Christie Over ""Bridgegate"""
321,23,4951,Top Army Chief of Staff General Has Had It With Obama Incompetence ⋆ US Herald
322,77,4985,"‘We Don’t Adapt To Your Culture, You Adapt To Ours’"
323,80,4996,SURPRISE! 70% Of Charlotte RIOTERS Are Not From There – Guess What That Means… [VIDEO]
324,93,5025,Why is it “RACIST” to Question Someone’s Birth Certificate? – Eagle Rising
325,91,5030,Proof The Mainstream Media Is Manipulating The Election By Taking Bill Clinton Out Of Context
326,115,5061,Congress MUST Act! Five Days Until Obama's Internet Giveaway [Video]
327,80,5062,SURPRISE! 70% Of Charlotte RIOTERS Are Not From There – Guess What That Means… [VIDEO]
328,93,5090,Why is it “RACIST” to Question Someone’s Birth Certificate? – Eagle Rising
329,91,5097,Proof The Mainstream Media Is Manipulating The Election By Taking Bill Clinton Out Of Context
330,82,5103,EXPOSED: Soros Funding Fake Veterans’ PAC To Take Trump Down
331,21,5115,Hillary Denies She and Obama Founded ISIS…Then This Video Shows Up
332,147,5115,Hillary Thought She Won The Debate. Didn’t Expect This To Happen To Prove Her Wrong.
333,150,5120,"New Jersey Moves To Impeach Chris Christie Over ""Bridgegate"""
334,141,5123,"Two White Men Doused With Gasoline, Set On FIRE By Blacks"
335,91,5137,Proof The Mainstream Media Is Manipulating The Election By Taking Bill Clinton Out Of Context
336,152,5190,Surgeon General warns: Drinking every time Trump lies during debate could result in acute alcohol poisoning
337,142,5205,"ALERT: Police Pull Over ‘Islamic Refugee,’ Horrified To See What Was In The Car"
338,141,5214,"Two White Men Doused With Gasoline, Set On FIRE By Blacks"
339,150,5228,"New Jersey Moves To Impeach Chris Christie Over ""Bridgegate"""
340,7,5249,The Black Sphere with Kevin Jackson
341,23,5249,Top Army Chief of Staff General Has Had It With Obama Incompetence ⋆ US Herald
342,49,5249,Australia Voted To Ban Muslims And Liberals Are Pissed
343,62,5249,Putin's Troll Army Caught Rigging Twitter To Pretend Trump Won
344,84,5249,BOOM! Marines Send TERRORISTS Scathing Message [VIDEO]
345,23,5282,Top Army Chief of Staff General Has Had It With Obama Incompetence ⋆ US Herald
346,73,5282,New Clinton Foundation SCANDAL Just Broke – This Is What Hillary ACTUALLY Thinks About Black People…
347,125,5301,Angela Merkel Admits Bringing In Muslim Refugees Was A Big Fat Mistake
348,1,5320,Declassified Docs Show That Obama Admin Created ISIS In 2012 To Use As A 'Tool' ⋆ US Herald
349,115,5322,Congress MUST Act! Five Days Until Obama's Internet Giveaway [Video]
350,23,5328,Top Army Chief of Staff General Has Had It With Obama Incompetence ⋆ US Herald
351,150,5329,"New Jersey Moves To Impeach Chris Christie Over ""Bridgegate"""
352,115,5336,Congress MUST Act! Five Days Until Obama's Internet Giveaway [Video]
353,23,5343,Top Army Chief of Staff General Has Had It With Obama Incompetence ⋆ US Herald
354,73,5343,New Clinton Foundation SCANDAL Just Broke – This Is What Hillary ACTUALLY Thinks About Black People…
355,23,5387,Top Army Chief of Staff General Has Had It With Obama Incompetence ⋆ US Herald
356,91,5413,Proof The Mainstream Media Is Manipulating The Election By Taking Bill Clinton Out Of Context
357,82,5422,EXPOSED: Soros Funding Fake Veterans’ PAC To Take Trump Down
358,93,5430,Why is it “RACIST” to Question Someone’s Birth Certificate? – Eagle Rising
359,150,5467,"New Jersey Moves To Impeach Chris Christie Over ""Bridgegate"""
360,91,5484,Proof The Mainstream Media Is Manipulating The Election By Taking Bill Clinton Out Of Context
361,91,5512,Proof The Mainstream Media Is Manipulating The Election By Taking Bill Clinton Out Of Context
362,91,5529,Proof The Mainstream Media Is Manipulating The Election By Taking Bill Clinton Out Of Context
363,91,5530,Proof The Mainstream Media Is Manipulating The Election By Taking Bill Clinton Out Of Context
364,73,5565,New Clinton Foundation SCANDAL Just Broke – This Is What Hillary ACTUALLY Thinks About Black People…
365,43,5567,Republicans Push Bill To Legalize Voter Intimidation To Help Trump In Pennsylvania
366,125,5567,Angela Merkel Admits Bringing In Muslim Refugees Was A Big Fat Mistake
367,28,5579,CNN’s Post-Debate Rigged Poll Busted…Here Are The Real Results
368,23,5582,Top Army Chief of Staff General Has Had It With Obama Incompetence ⋆ US Herald
369,73,5582,New Clinton Foundation SCANDAL Just Broke – This Is What Hillary ACTUALLY Thinks About Black People…
370,23,5595,Top Army Chief of Staff General Has Had It With Obama Incompetence ⋆ US Herald
371,91,5635,Proof The Mainstream Media Is Manipulating The Election By Taking Bill Clinton Out Of Context
372,142,5666,"ALERT: Police Pull Over ‘Islamic Refugee,’ Horrified To See What Was In The Car"
373,93,5736,Why is it “RACIST” to Question Someone’s Birth Certificate? – Eagle Rising
374,73,5744,New Clinton Foundation SCANDAL Just Broke – This Is What Hillary ACTUALLY Thinks About Black People…
375,91,5762,Proof The Mainstream Media Is Manipulating The Election By Taking Bill Clinton Out Of Context
376,91,5799,Proof The Mainstream Media Is Manipulating The Election By Taking Bill Clinton Out Of Context
377,23,5846,Top Army Chief of Staff General Has Had It With Obama Incompetence ⋆ US Herald
378,104,5863,Obama Pushes One World Government
379,125,5863,Angela Merkel Admits Bringing In Muslim Refugees Was A Big Fat Mistake
380,130,5863,No WAY! Liberal Judge Just Made A Law For Black Males To Do This DISGUSTING Thing To Cops ⋆ Freedom Daily
381,142,5874,"ALERT: Police Pull Over ‘Islamic Refugee,’ Horrified To See What Was In The Car"
382,23,5883,Top Army Chief of Staff General Has Had It With Obama Incompetence ⋆ US Herald
383,48,5883,Federal Agents Make Massive Discovery at Southern Border… ISIS Is Here ⋆ Freedom Daily
384,73,5883,New Clinton Foundation SCANDAL Just Broke – This Is What Hillary ACTUALLY Thinks About Black People…
385,93,5917,Why is it “RACIST” to Question Someone’s Birth Certificate? – Eagle Rising
386,125,5946,Angela Merkel Admits Bringing In Muslim Refugees Was A Big Fat Mistake
387,150,5972,"New Jersey Moves To Impeach Chris Christie Over ""Bridgegate"""
388,152,5972,Surgeon General warns: Drinking every time Trump lies during debate could result in acute alcohol poisoning
389,150,6000,"New Jersey Moves To Impeach Chris Christie Over ""Bridgegate"""
390,93,6018,Why is it “RACIST” to Question Someone’s Birth Certificate? – Eagle Rising
391,141,6018,"Two White Men Doused With Gasoline, Set On FIRE By Blacks"
392,93,6093,Why is it “RACIST” to Question Someone’s Birth Certificate? – Eagle Rising
393,73,6102,New Clinton Foundation SCANDAL Just Broke – This Is What Hillary ACTUALLY Thinks About Black People…
394,93,6131,Why is it “RACIST” to Question Someone’s Birth Certificate? – Eagle Rising
395,91,6152,Proof The Mainstream Media Is Manipulating The Election By Taking Bill Clinton Out Of Context
396,91,6157,Proof The Mainstream Media Is Manipulating The Election By Taking Bill Clinton Out Of Context
397,150,6158,"New Jersey Moves To Impeach Chris Christie Over ""Bridgegate"""
398,93,6159,Why is it “RACIST” to Question Someone’s Birth Certificate? – Eagle Rising
399,141,6174,"Two White Men Doused With Gasoline, Set On FIRE By Blacks"
400,77,6206,"‘We Don’t Adapt To Your Culture, You Adapt To Ours’"
401,115,6215,Congress MUST Act! Five Days Until Obama's Internet Giveaway [Video]
402,93,6239,Why is it “RACIST” to Question Someone’s Birth Certificate? – Eagle Rising
403,115,6239,Congress MUST Act! Five Days Until Obama's Internet Giveaway [Video]
404,91,6255,Proof The Mainstream Media Is Manipulating The Election By Taking Bill Clinton Out Of Context
405,93,6265,Why is it “RACIST” to Question Someone’s Birth Certificate? – Eagle Rising
406,150,6277,"New Jersey Moves To Impeach Chris Christie Over ""Bridgegate"""
407,152,6277,Surgeon General warns: Drinking every time Trump lies during debate could result in acute alcohol poisoning
408,125,6307,Angela Merkel Admits Bringing In Muslim Refugees Was A Big Fat Mistake
409,93,6311,Why is it “RACIST” to Question Someone’s Birth Certificate? – Eagle Rising
410,150,6322,"New Jersey Moves To Impeach Chris Christie Over ""Bridgegate"""
411,152,6322,Surgeon General warns: Drinking every time Trump lies during debate could result in acute alcohol poisoning
412,82,6337,EXPOSED: Soros Funding Fake Veterans’ PAC To Take Trump Down
413,113,6367,Trump Just Made A Campaign Promise So Ridiculous It Makes ‘Read My Lips’ Look Good ‹ Opposition Report
414,93,6496,Why is it “RACIST” to Question Someone’s Birth Certificate? – Eagle Rising
415,23,6507,Top Army Chief of Staff General Has Had It With Obama Incompetence ⋆ US Herald
416,150,6512,"New Jersey Moves To Impeach Chris Christie Over ""Bridgegate"""
417,93,6518,Why is it “RACIST” to Question Someone’s Birth Certificate? – Eagle Rising
418,43,6520,Republicans Push Bill To Legalize Voter Intimidation To Help Trump In Pennsylvania
419,125,6520,Angela Merkel Admits Bringing In Muslim Refugees Was A Big Fat Mistake
420,84,6524,BOOM! Marines Send TERRORISTS Scathing Message [VIDEO]
421,115,6538,Congress MUST Act! Five Days Until Obama's Internet Giveaway [Video]
422,115,6544,Congress MUST Act! Five Days Until Obama's Internet Giveaway [Video]
423,125,6628,Angela Merkel Admits Bringing In Muslim Refugees Was A Big Fat Mistake
424,177,6648,BREAKING: Steps to FORCE FBI Director Comey to Resign In Process – Hearing Decides His Fate Sept 28
425,93,6671,Why is it “RACIST” to Question Someone’s Birth Certificate? – Eagle Rising
426,177,6680,BREAKING: Steps to FORCE FBI Director Comey to Resign In Process – Hearing Decides His Fate Sept 28
427,91,6687,Proof The Mainstream Media Is Manipulating The Election By Taking Bill Clinton Out Of Context
428,80,6692,SURPRISE! 70% Of Charlotte RIOTERS Are Not From There – Guess What That Means… [VIDEO]
429,80,6712,SURPRISE! 70% Of Charlotte RIOTERS Are Not From There – Guess What That Means… [VIDEO]
430,93,6719,Why is it “RACIST” to Question Someone’s Birth Certificate? – Eagle Rising
431,91,6727,Proof The Mainstream Media Is Manipulating The Election By Taking Bill Clinton Out Of Context
432,150,6952,"New Jersey Moves To Impeach Chris Christie Over ""Bridgegate"""
433,93,6977,Why is it “RACIST” to Question Someone’s Birth Certificate? – Eagle Rising
434,93,6982,Why is it “RACIST” to Question Someone’s Birth Certificate? – Eagle Rising
435,93,7000,Why is it “RACIST” to Question Someone’s Birth Certificate? – Eagle Rising
436,125,7001,Angela Merkel Admits Bringing In Muslim Refugees Was A Big Fat Mistake
437,62,7004,Putin's Troll Army Caught Rigging Twitter To Pretend Trump Won
438,23,7008,Top Army Chief of Staff General Has Had It With Obama Incompetence ⋆ US Herald
439,93,7029,Why is it “RACIST” to Question Someone’s Birth Certificate? – Eagle Rising
440,150,7032,"New Jersey Moves To Impeach Chris Christie Over ""Bridgegate"""
441,91,7081,Proof The Mainstream Media Is Manipulating The Election By Taking Bill Clinton Out Of Context
442,73,7095,New Clinton Foundation SCANDAL Just Broke – This Is What Hillary ACTUALLY Thinks About Black People…
443,73,7103,New Clinton Foundation SCANDAL Just Broke – This Is What Hillary ACTUALLY Thinks About Black People…
444,93,7136,Why is it “RACIST” to Question Someone’s Birth Certificate? – Eagle Rising
445,142,7139,"ALERT: Police Pull Over ‘Islamic Refugee,’ Horrified To See What Was In The Car"
446,93,7143,Why is it “RACIST” to Question Someone’s Birth Certificate? – Eagle Rising
447,150,7145,"New Jersey Moves To Impeach Chris Christie Over ""Bridgegate"""
448,125,7157,Angela Merkel Admits Bringing In Muslim Refugees Was A Big Fat Mistake
449,93,7212,Why is it “RACIST” to Question Someone’s Birth Certificate? – Eagle Rising
450,48,7219,Federal Agents Make Massive Discovery at Southern Border… ISIS Is Here ⋆ Freedom Daily
451,150,7313,"New Jersey Moves To Impeach Chris Christie Over ""Bridgegate"""
452,136,7314,Charlotte Thugs Leaves Cop’s Body With Disgusting Thing They Did... ⋆ Freedom Daily
453,93,7320,Why is it “RACIST” to Question Someone’s Birth Certificate? – Eagle Rising
454,113,7320,Trump Just Made A Campaign Promise So Ridiculous It Makes ‘Read My Lips’ Look Good ‹ Opposition Report
455,115,7320,Congress MUST Act! Five Days Until Obama's Internet Giveaway [Video]
456,142,7348,"ALERT: Police Pull Over ‘Islamic Refugee,’ Horrified To See What Was In The Car"
457,77,7379,"‘We Don’t Adapt To Your Culture, You Adapt To Ours’"
458,115,7380,Congress MUST Act! Five Days Until Obama's Internet Giveaway [Video]
459,91,7389,Proof The Mainstream Media Is Manipulating The Election By Taking Bill Clinton Out Of Context
460,48,7403,Federal Agents Make Massive Discovery at Southern Border… ISIS Is Here ⋆ Freedom Daily
461,23,7457,Top Army Chief of Staff General Has Had It With Obama Incompetence ⋆ US Herald
462,73,7457,New Clinton Foundation SCANDAL Just Broke – This Is What Hillary ACTUALLY Thinks About Black People…
463,60,7481,Newsweek Accuses Trump Of Committing A Felony
464,93,7496,Why is it “RACIST” to Question Someone’s Birth Certificate? – Eagle Rising
465,93,7497,Why is it “RACIST” to Question Someone’s Birth Certificate? – Eagle Rising
466,91,7558,Proof The Mainstream Media Is Manipulating The Election By Taking Bill Clinton Out Of Context
467,93,7595,Why is it “RACIST” to Question Someone’s Birth Certificate? – Eagle Rising
468,23,7617,Top Army Chief of Staff General Has Had It With Obama Incompetence ⋆ US Herald
469,93,7618,Why is it “RACIST” to Question Someone’s Birth Certificate? – Eagle Rising
470,115,7618,Congress MUST Act! Five Days Until Obama's Internet Giveaway [Video]
471,150,7621,"New Jersey Moves To Impeach Chris Christie Over ""Bridgegate"""
472,115,7655,Congress MUST Act! Five Days Until Obama's Internet Giveaway [Video]
473,73,7657,New Clinton Foundation SCANDAL Just Broke – This Is What Hillary ACTUALLY Thinks About Black People…
474,80,7677,SURPRISE! 70% Of Charlotte RIOTERS Are Not From There – Guess What That Means… [VIDEO]
475,150,7697,"New Jersey Moves To Impeach Chris Christie Over ""Bridgegate"""
476,30,7701,REVEALED! Minnesota Mall Attacker ID'd As One Of Hillary's Somali Muslim Refugees
477,73,7704,New Clinton Foundation SCANDAL Just Broke – This Is What Hillary ACTUALLY Thinks About Black People…
478,93,7724,Why is it “RACIST” to Question Someone’s Birth Certificate? – Eagle Rising
479,142,7754,"ALERT: Police Pull Over ‘Islamic Refugee,’ Horrified To See What Was In The Car"
480,113,7768,Trump Just Made A Campaign Promise So Ridiculous It Makes ‘Read My Lips’ Look Good ‹ Opposition Report
481,115,7769,Congress MUST Act! Five Days Until Obama's Internet Giveaway [Video]
482,115,7830,Congress MUST Act! Five Days Until Obama's Internet Giveaway [Video]
483,113,7860,Trump Just Made A Campaign Promise So Ridiculous It Makes ‘Read My Lips’ Look Good ‹ Opposition Report
484,91,7864,Proof The Mainstream Media Is Manipulating The Election By Taking Bill Clinton Out Of Context
485,23,7902,Top Army Chief of Staff General Has Had It With Obama Incompetence ⋆ US Herald
486,93,7919,Why is it “RACIST” to Question Someone’s Birth Certificate? – Eagle Rising
487,142,7930,"ALERT: Police Pull Over ‘Islamic Refugee,’ Horrified To See What Was In The Car"
488,21,7935,Hillary Denies She and Obama Founded ISIS…Then This Video Shows Up
489,77,7935,"‘We Don’t Adapt To Your Culture, You Adapt To Ours’"
490,91,7944,Proof The Mainstream Media Is Manipulating The Election By Taking Bill Clinton Out Of Context
491,93,7965,Why is it “RACIST” to Question Someone’s Birth Certificate? – Eagle Rising
492,93,7967,Why is it “RACIST” to Question Someone’s Birth Certificate? – Eagle Rising
493,113,7998,Trump Just Made A Campaign Promise So Ridiculous It Makes ‘Read My Lips’ Look Good ‹ Opposition Report
494,91,8046,Proof The Mainstream Media Is Manipulating The Election By Taking Bill Clinton Out Of Context
495,93,8063,Why is it “RACIST” to Question Someone’s Birth Certificate? – Eagle Rising
496,147,8151,Hillary Thought She Won The Debate. Didn’t Expect This To Happen To Prove Her Wrong.
497,113,8185,Trump Just Made A Campaign Promise So Ridiculous It Makes ‘Read My Lips’ Look Good ‹ Opposition Report
498,142,8196,"ALERT: Police Pull Over ‘Islamic Refugee,’ Horrified To See What Was In The Car"
499,82,8225,EXPOSED: Soros Funding Fake Veterans’ PAC To Take Trump Down
500,113,8226,Trump Just Made A Campaign Promise So Ridiculous It Makes ‘Read My Lips’ Look Good ‹ Opposition Report
501,150,8248,"New Jersey Moves To Impeach Chris Christie Over ""Bridgegate"""
502,150,8250,"New Jersey Moves To Impeach Chris Christie Over ""Bridgegate"""
503,147,8280,Hillary Thought She Won The Debate. Didn’t Expect This To Happen To Prove Her Wrong.
504,150,8289,"New Jersey Moves To Impeach Chris Christie Over ""Bridgegate"""
505,113,8297,Trump Just Made A Campaign Promise So Ridiculous It Makes ‘Read My Lips’ Look Good ‹ Opposition Report
506,91,8335,Proof The Mainstream Media Is Manipulating The Election By Taking Bill Clinton Out Of Context
507,91,8337,Proof The Mainstream Media Is Manipulating The Election By Taking Bill Clinton Out Of Context
508,91,8341,Proof The Mainstream Media Is Manipulating The Election By Taking Bill Clinton Out Of Context
509,91,8343,Proof The Mainstream Media Is Manipulating The Election By Taking Bill Clinton Out Of Context
510,91,8362,Proof The Mainstream Media Is Manipulating The Election By Taking Bill Clinton Out Of Context
511,115,8362,Congress MUST Act! Five Days Until Obama's Internet Giveaway [Video]
512,93,8367,Why is it “RACIST” to Question Someone’s Birth Certificate? – Eagle Rising
513,93,8374,Why is it “RACIST” to Question Someone’s Birth Certificate? – Eagle Rising
514,115,8420,Congress MUST Act! Five Days Until Obama's Internet Giveaway [Video]
515,152,8425,Surgeon General warns: Drinking every time Trump lies during debate could result in acute alcohol poisoning
516,91,8441,Proof The Mainstream Media Is Manipulating The Election By Taking Bill Clinton Out Of Context
517,77,8469,"‘We Don’t Adapt To Your Culture, You Adapt To Ours’"
518,136,8470,Charlotte Thugs Leaves Cop’s Body With Disgusting Thing They Did... ⋆ Freedom Daily
519,23,8476,Top Army Chief of Staff General Has Had It With Obama Incompetence ⋆ US Herald
520,48,8484,Federal Agents Make Massive Discovery at Southern Border… ISIS Is Here ⋆ Freedom Daily
521,93,8493,Why is it “RACIST” to Question Someone’s Birth Certificate? – Eagle Rising
522,93,8505,Why is it “RACIST” to Question Someone’s Birth Certificate? – Eagle Rising
523,80,8570,SURPRISE! 70% Of Charlotte RIOTERS Are Not From There – Guess What That Means… [VIDEO]
524,91,8577,Proof The Mainstream Media Is Manipulating The Election By Taking Bill Clinton Out Of Context
525,1,8597,Declassified Docs Show That Obama Admin Created ISIS In 2012 To Use As A 'Tool' ⋆ US Herald
526,8,8597,"The AP, In 2004, Said Your Boy Obama Was BORN In This Particular Country"
527,93,8601,Why is it “RACIST” to Question Someone’s Birth Certificate? – Eagle Rising
528,115,8601,Congress MUST Act! Five Days Until Obama's Internet Giveaway [Video]
529,93,8619,Why is it “RACIST” to Question Someone’s Birth Certificate? – Eagle Rising
530,93,8641,Why is it “RACIST” to Question Someone’s Birth Certificate? – Eagle Rising
531,93,8642,Why is it “RACIST” to Question Someone’s Birth Certificate? – Eagle Rising
532,73,8657,New Clinton Foundation SCANDAL Just Broke – This Is What Hillary ACTUALLY Thinks About Black People…
533,8,8659,"The AP, In 2004, Said Your Boy Obama Was BORN In This Particular Country"
534,93,8673,Why is it “RACIST” to Question Someone’s Birth Certificate? – Eagle Rising
535,91,8694,Proof The Mainstream Media Is Manipulating The Election By Taking Bill Clinton Out Of Context
536,93,8718,Why is it “RACIST” to Question Someone’s Birth Certificate? – Eagle Rising
537,91,8727,Proof The Mainstream Media Is Manipulating The Election By Taking Bill Clinton Out Of Context
538,93,8731,Why is it “RACIST” to Question Someone’s Birth Certificate? – Eagle Rising
539,142,8731,"ALERT: Police Pull Over ‘Islamic Refugee,’ Horrified To See What Was In The Car"
540,91,8752,Proof The Mainstream Media Is Manipulating The Election By Taking Bill Clinton Out Of Context
541,91,8780,Proof The Mainstream Media Is Manipulating The Election By Taking Bill Clinton Out Of Context
542,93,8793,Why is it “RACIST” to Question Someone’s Birth Certificate? – Eagle Rising
543,142,8797,"ALERT: Police Pull Over ‘Islamic Refugee,’ Horrified To See What Was In The Car"
544,30,8816,REVEALED! Minnesota Mall Attacker ID'd As One Of Hillary's Somali Muslim Refugees
545,91,8829,Proof The Mainstream Media Is Manipulating The Election By Taking Bill Clinton Out Of Context
546,125,8840,Angela Merkel Admits Bringing In Muslim Refugees Was A Big Fat Mistake
547,93,8859,Why is it “RACIST” to Question Someone’s Birth Certificate? – Eagle Rising
548,150,8861,"New Jersey Moves To Impeach Chris Christie Over ""Bridgegate"""
549,73,8867,New Clinton Foundation SCANDAL Just Broke – This Is What Hillary ACTUALLY Thinks About Black People…
550,91,8869,Proof The Mainstream Media Is Manipulating The Election By Taking Bill Clinton Out Of Context
551,77,8926,"‘We Don’t Adapt To Your Culture, You Adapt To Ours’"
552,115,8940,Congress MUST Act! Five Days Until Obama's Internet Giveaway [Video]
553,125,8940,Angela Merkel Admits Bringing In Muslim Refugees Was A Big Fat Mistake
554,141,8940,"Two White Men Doused With Gasoline, Set On FIRE By Blacks"
555,23,8945,Top Army Chief of Staff General Has Had It With Obama Incompetence ⋆ US Herald
556,93,8951,Why is it “RACIST” to Question Someone’s Birth Certificate? – Eagle Rising
557,150,8953,"New Jersey Moves To Impeach Chris Christie Over ""Bridgegate"""
558,91,8964,Proof The Mainstream Media Is Manipulating The Election By Taking Bill Clinton Out Of Context
559,93,8979,Why is it “RACIST” to Question Someone’s Birth Certificate? – Eagle Rising
560,77,8983,"‘We Don’t Adapt To Your Culture, You Adapt To Ours’"
561,23,8992,Top Army Chief of Staff General Has Had It With Obama Incompetence ⋆ US Herald
562,152,9000,Surgeon General warns: Drinking every time Trump lies during debate could result in acute alcohol poisoning
563,93,9009,Why is it “RACIST” to Question Someone’s Birth Certificate? – Eagle Rising
564,125,9018,Angela Merkel Admits Bringing In Muslim Refugees Was A Big Fat Mistake
565,80,9071,SURPRISE! 70% Of Charlotte RIOTERS Are Not From There – Guess What That Means… [VIDEO]
566,91,9075,Proof The Mainstream Media Is Manipulating The Election By Taking Bill Clinton Out Of Context
567,48,9080,Federal Agents Make Massive Discovery at Southern Border… ISIS Is Here ⋆ Freedom Daily
568,93,9096,Why is it “RACIST” to Question Someone’s Birth Certificate? – Eagle Rising
569,73,9123,New Clinton Foundation SCANDAL Just Broke – This Is What Hillary ACTUALLY Thinks About Black People…
570,23,9126,Top Army Chief of Staff General Has Had It With Obama Incompetence ⋆ US Herald
571,73,9126,New Clinton Foundation SCANDAL Just Broke – This Is What Hillary ACTUALLY Thinks About Black People…
572,91,9158,Proof The Mainstream Media Is Manipulating The Election By Taking Bill Clinton Out Of Context
573,125,9180,Angela Merkel Admits Bringing In Muslim Refugees Was A Big Fat Mistake
574,115,9184,Congress MUST Act! Five Days Until Obama's Internet Giveaway [Video]
575,150,9189,"New Jersey Moves To Impeach Chris Christie Over ""Bridgegate"""
576,142,9217,"ALERT: Police Pull Over ‘Islamic Refugee,’ Horrified To See What Was In The Car"
577,12,9225,Website is Down For Maintenance
578,30,9262,REVEALED! Minnesota Mall Attacker ID'd As One Of Hillary's Somali Muslim Refugees
579,73,9283,New Clinton Foundation SCANDAL Just Broke – This Is What Hillary ACTUALLY Thinks About Black People…
580,93,9306,Why is it “RACIST” to Question Someone’s Birth Certificate? – Eagle Rising
581,150,9315,"New Jersey Moves To Impeach Chris Christie Over ""Bridgegate"""
582,82,9332,EXPOSED: Soros Funding Fake Veterans’ PAC To Take Trump Down
583,125,9381,Angela Merkel Admits Bringing In Muslim Refugees Was A Big Fat Mistake
584,150,9399,"New Jersey Moves To Impeach Chris Christie Over ""Bridgegate"""
585,30,9426,REVEALED! Minnesota Mall Attacker ID'd As One Of Hillary's Somali Muslim Refugees
586,115,9463,Congress MUST Act! Five Days Until Obama's Internet Giveaway [Video]
587,150,9500,"New Jersey Moves To Impeach Chris Christie Over ""Bridgegate"""
588,23,9547,Top Army Chief of Staff General Has Had It With Obama Incompetence ⋆ US Herald
589,125,9549,Angela Merkel Admits Bringing In Muslim Refugees Was A Big Fat Mistake
590,147,9549,Hillary Thought She Won The Debate. Didn’t Expect This To Happen To Prove Her Wrong.
591,80,9606,SURPRISE! 70% Of Charlotte RIOTERS Are Not From There – Guess What That Means… [VIDEO]
592,113,9622,Trump Just Made A Campaign Promise So Ridiculous It Makes ‘Read My Lips’ Look Good ‹ Opposition Report
593,23,9652,Top Army Chief of Staff General Has Had It With Obama Incompetence ⋆ US Herald
594,93,9676,Why is it “RACIST” to Question Someone’s Birth Certificate? – Eagle Rising
595,82,9686,EXPOSED: Soros Funding Fake Veterans’ PAC To Take Trump Down
596,93,9738,Why is it “RACIST” to Question Someone’s Birth Certificate? – Eagle Rising
597,93,9758,Why is it “RACIST” to Question Someone’s Birth Certificate? – Eagle Rising
598,7,9764,The Black Sphere with Kevin Jackson
599,91,9795,Proof The Mainstream Media Is Manipulating The Election By Taking Bill Clinton Out Of Context
600,43,9805,Republicans Push Bill To Legalize Voter Intimidation To Help Trump In Pennsylvania
601,82,9822,EXPOSED: Soros Funding Fake Veterans’ PAC To Take Trump Down
602,142,9850,"ALERT: Police Pull Over ‘Islamic Refugee,’ Horrified To See What Was In The Car"
603,142,9853,"ALERT: Police Pull Over ‘Islamic Refugee,’ Horrified To See What Was In The Car"
604,82,9864,EXPOSED: Soros Funding Fake Veterans’ PAC To Take Trump Down
605,115,9867,Congress MUST Act! Five Days Until Obama's Internet Giveaway [Video]
606,150,9885,"New Jersey Moves To Impeach Chris Christie Over ""Bridgegate"""
607,73,9894,New Clinton Foundation SCANDAL Just Broke – This Is What Hillary ACTUALLY Thinks About Black People…
608,93,9912,Why is it “RACIST” to Question Someone’s Birth Certificate? – Eagle Rising
609,125,9927,Angela Merkel Admits Bringing In Muslim Refugees Was A Big Fat Mistake
610,150,9936,"New Jersey Moves To Impeach Chris Christie Over ""Bridgegate"""
611,91,9946,Proof The Mainstream Media Is Manipulating The Election By Taking Bill Clinton Out Of Context
612,7,9960,The Black Sphere with Kevin Jackson
613,91,9964,Proof The Mainstream Media Is Manipulating The Election By Taking Bill Clinton Out Of Context
614,23,9973,Top Army Chief of Staff General Has Had It With Obama Incompetence ⋆ US Herald
615,93,9986,Why is it “RACIST” to Question Someone’s Birth Certificate? – Eagle Rising
616,93,10009,Why is it “RACIST” to Question Someone’s Birth Certificate? – Eagle Rising
617,93,10026,Why is it “RACIST” to Question Someone’s Birth Certificate? – Eagle Rising
618,48,10030,Federal Agents Make Massive Discovery at Southern Border… ISIS Is Here ⋆ Freedom Daily
619,73,10052,New Clinton Foundation SCANDAL Just Broke – This Is What Hillary ACTUALLY Thinks About Black People…
620,147,10079,Hillary Thought She Won The Debate. Didn’t Expect This To Happen To Prove Her Wrong.
621,152,10085,Surgeon General warns: Drinking every time Trump lies during debate could result in acute alcohol poisoning
622,93,10113,Why is it “RACIST” to Question Someone’s Birth Certificate? – Eagle Rising
623,23,10131,Top Army Chief of Staff General Has Had It With Obama Incompetence ⋆ US Herald
624,23,10152,Top Army Chief of Staff General Has Had It With Obama Incompetence ⋆ US Herald
625,91,10162,Proof The Mainstream Media Is Manipulating The Election By Taking Bill Clinton Out Of Context
626,23,10185,Top Army Chief of Staff General Has Had It With Obama Incompetence ⋆ US Herald
627,23,10195,Top Army Chief of Staff General Has Had It With Obama Incompetence ⋆ US Herald
628,73,10195,New Clinton Foundation SCANDAL Just Broke – This Is What Hillary ACTUALLY Thinks About Black People…
629,82,10253,EXPOSED: Soros Funding Fake Veterans’ PAC To Take Trump Down
630,93,10286,Why is it “RACIST” to Question Someone’s Birth Certificate? – Eagle Rising
631,82,10294,EXPOSED: Soros Funding Fake Veterans’ PAC To Take Trump Down
632,93,10318,Why is it “RACIST” to Question Someone’s Birth Certificate? – Eagle Rising
633,93,10321,Why is it “RACIST” to Question Someone’s Birth Certificate? – Eagle Rising
634,150,10333,"New Jersey Moves To Impeach Chris Christie Over ""Bridgegate"""
635,115,10358,Congress MUST Act! Five Days Until Obama's Internet Giveaway [Video]
636,93,10374,Why is it “RACIST” to Question Someone’s Birth Certificate? – Eagle Rising
637,80,10381,SURPRISE! 70% Of Charlotte RIOTERS Are Not From There – Guess What That Means… [VIDEO]
638,142,10391,"ALERT: Police Pull Over ‘Islamic Refugee,’ Horrified To See What Was In The Car"
639,80,10409,SURPRISE! 70% Of Charlotte RIOTERS Are Not From There – Guess What That Means… [VIDEO]
640,12,10412,Website is Down For Maintenance
641,80,10417,SURPRISE! 70% Of Charlotte RIOTERS Are Not From There – Guess What That Means… [VIDEO]
642,93,10418,Why is it “RACIST” to Question Someone’s Birth Certificate? – Eagle Rising
643,77,10421,"‘We Don’t Adapt To Your Culture, You Adapt To Ours’"
644,91,10426,Proof The Mainstream Media Is Manipulating The Election By Taking Bill Clinton Out Of Context
645,93,10504,Why is it “RACIST” to Question Someone’s Birth Certificate? – Eagle Rising
646,142,10545,"ALERT: Police Pull Over ‘Islamic Refugee,’ Horrified To See What Was In The Car"
647,113,10548,Trump Just Made A Campaign Promise So Ridiculous It Makes ‘Read My Lips’ Look Good ‹ Opposition Report
648,125,10548,Angela Merkel Admits Bringing In Muslim Refugees Was A Big Fat Mistake
649,142,10610,"ALERT: Police Pull Over ‘Islamic Refugee,’ Horrified To See What Was In The Car"
650,142,10638,"ALERT: Police Pull Over ‘Islamic Refugee,’ Horrified To See What Was In The Car"
651,80,10644,SURPRISE! 70% Of Charlotte RIOTERS Are Not From There – Guess What That Means… [VIDEO]
652,93,10658,Why is it “RACIST” to Question Someone’s Birth Certificate? – Eagle Rising
653,115,10677,Congress MUST Act! Five Days Until Obama's Internet Giveaway [Video]
654,93,10691,Why is it “RACIST” to Question Someone’s Birth Certificate? – Eagle Rising
655,93,10706,Why is it “RACIST” to Question Someone’s Birth Certificate? – Eagle Rising
656,91,10731,Proof The Mainstream Media Is Manipulating The Election By Taking Bill Clinton Out Of Context
657,93,10745,Why is it “RACIST” to Question Someone’s Birth Certificate? – Eagle Rising
658,125,10745,Angela Merkel Admits Bringing In Muslim Refugees Was A Big Fat Mistake
659,30,10750,REVEALED! Minnesota Mall Attacker ID'd As One Of Hillary's Somali Muslim Refugees
660,93,10766,Why is it “RACIST” to Question Someone’s Birth Certificate? – Eagle Rising
661,73,10771,New Clinton Foundation SCANDAL Just Broke – This Is What Hillary ACTUALLY Thinks About Black People…
662,150,10782,"New Jersey Moves To Impeach Chris Christie Over ""Bridgegate"""
663,91,10784,Proof The Mainstream Media Is Manipulating The Election By Taking Bill Clinton Out Of Context
664,22,10786,Trump Just Made A Campaign Promise So Ridiculous It Makes ‘Read My Lips’ Look Good ‹ Opposition Report
665,113,10840,Trump Just Made A Campaign Promise So Ridiculous It Makes ‘Read My Lips’ Look Good ‹ Opposition Report
666,80,10881,SURPRISE! 70% Of Charlotte RIOTERS Are Not From There – Guess What That Means… [VIDEO]
667,91,10901,Proof The Mainstream Media Is Manipulating The Election By Taking Bill Clinton Out Of Context
668,91,10902,Proof The Mainstream Media Is Manipulating The Election By Taking Bill Clinton Out Of Context
669,91,10970,Proof The Mainstream Media Is Manipulating The Election By Taking Bill Clinton Out Of Context
670,23,10974,Top Army Chief of Staff General Has Had It With Obama Incompetence ⋆ US Herald
671,7,10978,The Black Sphere with Kevin Jackson
672,93,10980,Why is it “RACIST” to Question Someone’s Birth Certificate? – Eagle Rising
673,23,11013,Top Army Chief of Staff General Has Had It With Obama Incompetence ⋆ US Herald
674,30,11013,REVEALED! Minnesota Mall Attacker ID'd As One Of Hillary's Somali Muslim Refugees
675,62,11013,Putin's Troll Army Caught Rigging Twitter To Pretend Trump Won
676,65,11013,Donald Trump Goes Off The Deep End–May Be Unfit For Debate ‹ Opposition Report
677,77,11013,"‘We Don’t Adapt To Your Culture, You Adapt To Ours’"
678,84,11013,BOOM! Marines Send TERRORISTS Scathing Message [VIDEO]
679,91,11023,Proof The Mainstream Media Is Manipulating The Election By Taking Bill Clinton Out Of Context
680,142,11046,"ALERT: Police Pull Over ‘Islamic Refugee,’ Horrified To See What Was In The Car"
681,115,11123,Congress MUST Act! Five Days Until Obama's Internet Giveaway [Video]
682,93,11154,Why is it “RACIST” to Question Someone’s Birth Certificate? – Eagle Rising
683,104,11154,Obama Pushes One World Government
684,125,11154,Angela Merkel Admits Bringing In Muslim Refugees Was A Big Fat Mistake
685,130,11154,No WAY! Liberal Judge Just Made A Law For Black Males To Do This DISGUSTING Thing To Cops ⋆ Freedom Daily
686,21,11156,Hillary Denies She and Obama Founded ISIS…Then This Video Shows Up
687,113,11166,Trump Just Made A Campaign Promise So Ridiculous It Makes ‘Read My Lips’ Look Good ‹ Opposition Report
688,73,11169,New Clinton Foundation SCANDAL Just Broke – This Is What Hillary ACTUALLY Thinks About Black People…
689,113,11174,Trump Just Made A Campaign Promise So Ridiculous It Makes ‘Read My Lips’ Look Good ‹ Opposition Report
690,125,11188,Angela Merkel Admits Bringing In Muslim Refugees Was A Big Fat Mistake
691,150,11195,"New Jersey Moves To Impeach Chris Christie Over ""Bridgegate"""
692,91,11197,Proof The Mainstream Media Is Manipulating The Election By Taking Bill Clinton Out Of Context
693,91,11212,Proof The Mainstream Media Is Manipulating The Election By Taking Bill Clinton Out Of Context
694,152,11220,Surgeon General warns: Drinking every time Trump lies during debate could result in acute alcohol poisoning
695,93,11242,Why is it “RACIST” to Question Someone’s Birth Certificate? – Eagle Rising
696,80,11248,SURPRISE! 70% Of Charlotte RIOTERS Are Not From There – Guess What That Means… [VIDEO]
697,152,11270,Surgeon General warns: Drinking every time Trump lies during debate could result in acute alcohol poisoning
698,60,11285,Newsweek Accuses Trump Of Committing A Felony
699,74,11285,BREAKING: Judge DEMANDS Release Of Clinton’s Security Training Files – She Has 5 Days…
700,73,11329,New Clinton Foundation SCANDAL Just Broke – This Is What Hillary ACTUALLY Thinks About Black People…
701,93,11347,Why is it “RACIST” to Question Someone’s Birth Certificate? – Eagle Rising
702,115,11347,Congress MUST Act! Five Days Until Obama's Internet Giveaway [Video]
703,136,11347,Charlotte Thugs Leaves Cop’s Body With Disgusting Thing They Did... ⋆ Freedom Daily
704,104,11420,Obama Pushes One World Government
705,130,11420,No WAY! Liberal Judge Just Made A Law For Black Males To Do This DISGUSTING Thing To Cops ⋆ Freedom Daily
706,150,11421,"New Jersey Moves To Impeach Chris Christie Over ""Bridgegate"""
707,12,11450,Website is Down For Maintenance
708,20,11450,BREAKING: Did Hillary Clinton Have a Nervous Breakdown?
709,49,11450,Australia Voted To Ban Muslims And Liberals Are Pissed
710,65,11450,Donald Trump Goes Off The Deep End–May Be Unfit For Debate ‹ Opposition Report
711,77,11450,"‘We Don’t Adapt To Your Culture, You Adapt To Ours’"
712,91,11450,Proof The Mainstream Media Is Manipulating The Election By Taking Bill Clinton Out Of Context
713,113,11457,Trump Just Made A Campaign Promise So Ridiculous It Makes ‘Read My Lips’ Look Good ‹ Opposition Report
714,142,11457,"ALERT: Police Pull Over ‘Islamic Refugee,’ Horrified To See What Was In The Car"
715,93,11489,Why is it “RACIST” to Question Someone’s Birth Certificate? – Eagle Rising
716,115,11498,Congress MUST Act! Five Days Until Obama's Internet Giveaway [Video]
717,150,11520,"New Jersey Moves To Impeach Chris Christie Over ""Bridgegate"""
718,93,11533,Why is it “RACIST” to Question Someone’s Birth Certificate? – Eagle Rising
719,141,11533,"Two White Men Doused With Gasoline, Set On FIRE By Blacks"
720,93,11613,Why is it “RACIST” to Question Someone’s Birth Certificate? – Eagle Rising
721,80,11682,SURPRISE! 70% Of Charlotte RIOTERS Are Not From There – Guess What That Means… [VIDEO]
722,93,11748,Why is it “RACIST” to Question Someone’s Birth Certificate? – Eagle Rising
723,93,11765,Why is it “RACIST” to Question Someone’s Birth Certificate? – Eagle Rising
724,150,11818,"New Jersey Moves To Impeach Chris Christie Over ""Bridgegate"""
725,91,11824,Proof The Mainstream Media Is Manipulating The Election By Taking Bill Clinton Out Of Context
726,82,11840,EXPOSED: Soros Funding Fake Veterans’ PAC To Take Trump Down
727,91,11840,Proof The Mainstream Media Is Manipulating The Election By Taking Bill Clinton Out Of Context
728,80,11877,SURPRISE! 70% Of Charlotte RIOTERS Are Not From There – Guess What That Means… [VIDEO]
729,80,11944,SURPRISE! 70% Of Charlotte RIOTERS Are Not From There – Guess What That Means… [VIDEO]
730,91,11947,Proof The Mainstream Media Is Manipulating The Election By Taking Bill Clinton Out Of Context
731,150,11957,"New Jersey Moves To Impeach Chris Christie Over ""Bridgegate"""
732,80,11973,SURPRISE! 70% Of Charlotte RIOTERS Are Not From There – Guess What That Means… [VIDEO]
733,40,11997,Clinton's Exploited Haiti Earthquake ‘to Steal Billions of Dollars from the Sick and Starving’ ⋆ Freedom Daily
734,21,12002,Hillary Denies She and Obama Founded ISIS…Then This Video Shows Up
735,113,12013,Trump Just Made A Campaign Promise So Ridiculous It Makes ‘Read My Lips’ Look Good ‹ Opposition Report
736,7,12020,The Black Sphere with Kevin Jackson
737,73,12045,New Clinton Foundation SCANDAL Just Broke – This Is What Hillary ACTUALLY Thinks About Black People…
738,80,12067,SURPRISE! 70% Of Charlotte RIOTERS Are Not From There – Guess What That Means… [VIDEO]
739,93,12074,Why is it “RACIST” to Question Someone’s Birth Certificate? – Eagle Rising
740,113,12110,Trump Just Made A Campaign Promise So Ridiculous It Makes ‘Read My Lips’ Look Good ‹ Opposition Report
741,125,12110,Angela Merkel Admits Bringing In Muslim Refugees Was A Big Fat Mistake
742,150,12114,"New Jersey Moves To Impeach Chris Christie Over ""Bridgegate"""
743,93,12118,Why is it “RACIST” to Question Someone’s Birth Certificate? – Eagle Rising
744,150,12160,"New Jersey Moves To Impeach Chris Christie Over ""Bridgegate"""
745,93,12193,Why is it “RACIST” to Question Someone’s Birth Certificate? – Eagle Rising
746,93,12210,Why is it “RACIST” to Question Someone’s Birth Certificate? – Eagle Rising
747,141,12210,"Two White Men Doused With Gasoline, Set On FIRE By Blacks"
748,93,12211,Why is it “RACIST” to Question Someone’s Birth Certificate? – Eagle Rising
749,150,12256,"New Jersey Moves To Impeach Chris Christie Over ""Bridgegate"""
750,93,12282,Why is it “RACIST” to Question Someone’s Birth Certificate? – Eagle Rising
751,93,12305,Why is it “RACIST” to Question Someone’s Birth Certificate? – Eagle Rising
752,141,12308,"Two White Men Doused With Gasoline, Set On FIRE By Blacks"
753,91,12320,Proof The Mainstream Media Is Manipulating The Election By Taking Bill Clinton Out Of Context
754,93,12321,Why is it “RACIST” to Question Someone’s Birth Certificate? – Eagle Rising
755,82,12372,EXPOSED: Soros Funding Fake Veterans’ PAC To Take Trump Down
756,91,12374,Proof The Mainstream Media Is Manipulating The Election By Taking Bill Clinton Out Of Context
757,23,12396,Top Army Chief of Staff General Has Had It With Obama Incompetence ⋆ US Herald
758,93,12407,Why is it “RACIST” to Question Someone’s Birth Certificate? – Eagle Rising
759,115,12467,Congress MUST Act! Five Days Until Obama's Internet Giveaway [Video]
760,150,12480,"New Jersey Moves To Impeach Chris Christie Over ""Bridgegate"""
761,150,12493,"New Jersey Moves To Impeach Chris Christie Over ""Bridgegate"""
762,82,12501,EXPOSED: Soros Funding Fake Veterans’ PAC To Take Trump Down
763,21,12507,Hillary Denies She and Obama Founded ISIS…Then This Video Shows Up
764,93,12559,Why is it “RACIST” to Question Someone’s Birth Certificate? – Eagle Rising
765,125,12559,Angela Merkel Admits Bringing In Muslim Refugees Was A Big Fat Mistake
766,136,12559,Charlotte Thugs Leaves Cop’s Body With Disgusting Thing They Did... ⋆ Freedom Daily
767,84,12569,BOOM! Marines Send TERRORISTS Scathing Message [VIDEO]
768,91,12590,Proof The Mainstream Media Is Manipulating The Election By Taking Bill Clinton Out Of Context
769,77,12592,"‘We Don’t Adapt To Your Culture, You Adapt To Ours’"
770,93,12598,Why is it “RACIST” to Question Someone’s Birth Certificate? – Eagle Rising
771,125,12608,Angela Merkel Admits Bringing In Muslim Refugees Was A Big Fat Mistake
772,93,12638,Why is it “RACIST” to Question Someone’s Birth Certificate? – Eagle Rising
773,125,12684,Angela Merkel Admits Bringing In Muslim Refugees Was A Big Fat Mistake
774,80,12692,SURPRISE! 70% Of Charlotte RIOTERS Are Not From There – Guess What That Means… [VIDEO]
775,93,12698,Why is it “RACIST” to Question Someone’s Birth Certificate? – Eagle Rising
776,150,12705,"New Jersey Moves To Impeach Chris Christie Over ""Bridgegate"""
777,23,12707,Top Army Chief of Staff General Has Had It With Obama Incompetence ⋆ US Herald
778,93,12719,Why is it “RACIST” to Question Someone’s Birth Certificate? – Eagle Rising
779,150,12721,"New Jersey Moves To Impeach Chris Christie Over ""Bridgegate"""
780,82,12723,EXPOSED: Soros Funding Fake Veterans’ PAC To Take Trump Down
781,91,12756,Proof The Mainstream Media Is Manipulating The Election By Taking Bill Clinton Out Of Context
782,20,12761,BREAKING: Did Hillary Clinton Have a Nervous Breakdown?
783,77,12761,"‘We Don’t Adapt To Your Culture, You Adapt To Ours’"
784,80,12761,SURPRISE! 70% Of Charlotte RIOTERS Are Not From There – Guess What That Means… [VIDEO]
785,84,12761,BOOM! Marines Send TERRORISTS Scathing Message [VIDEO]
786,150,12782,"New Jersey Moves To Impeach Chris Christie Over ""Bridgegate"""
787,91,12789,Proof The Mainstream Media Is Manipulating The Election By Taking Bill Clinton Out Of Context
788,91,12870,Proof The Mainstream Media Is Manipulating The Election By Taking Bill Clinton Out Of Context
789,91,12902,Proof The Mainstream Media Is Manipulating The Election By Taking Bill Clinton Out Of Context
790,93,12933,Why is it “RACIST” to Question Someone’s Birth Certificate? – Eagle Rising
791,136,12938,Charlotte Thugs Leaves Cop’s Body With Disgusting Thing They Did... ⋆ Freedom Daily
792,7,12956,The Black Sphere with Kevin Jackson
793,73,12956,New Clinton Foundation SCANDAL Just Broke – This Is What Hillary ACTUALLY Thinks About Black People…
794,80,12956,SURPRISE! 70% Of Charlotte RIOTERS Are Not From There – Guess What That Means… [VIDEO]
795,40,12962,Clinton's Exploited Haiti Earthquake ‘to Steal Billions of Dollars from the Sick and Starving’ ⋆ Freedom Daily
796,93,12996,Why is it “RACIST” to Question Someone’s Birth Certificate? – Eagle Rising
797,115,12996,Congress MUST Act! Five Days Until Obama's Internet Giveaway [Video]
798,23,13000,Top Army Chief of Staff General Has Had It With Obama Incompetence ⋆ US Herald
799,73,13000,New Clinton Foundation SCANDAL Just Broke – This Is What Hillary ACTUALLY Thinks About Black People…
800,80,13009,SURPRISE! 70% Of Charlotte RIOTERS Are Not From There – Guess What That Means… [VIDEO]
801,43,13022,Republicans Push Bill To Legalize Voter Intimidation To Help Trump In Pennsylvania
802,125,13022,Angela Merkel Admits Bringing In Muslim Refugees Was A Big Fat Mistake
803,150,13052,"New Jersey Moves To Impeach Chris Christie Over ""Bridgegate"""
804,82,13065,EXPOSED: Soros Funding Fake Veterans’ PAC To Take Trump Down
805,142,13086,"ALERT: Police Pull Over ‘Islamic Refugee,’ Horrified To See What Was In The Car"
806,93,13095,Why is it “RACIST” to Question Someone’s Birth Certificate? – Eagle Rising
807,91,13101,Proof The Mainstream Media Is Manipulating The Election By Taking Bill Clinton Out Of Context
808,93,13105,Why is it “RACIST” to Question Someone’s Birth Certificate? – Eagle Rising
809,142,13105,"ALERT: Police Pull Over ‘Islamic Refugee,’ Horrified To See What Was In The Car"
810,91,13118,Proof The Mainstream Media Is Manipulating The Election By Taking Bill Clinton Out Of Context
811,80,13122,SURPRISE! 70% Of Charlotte RIOTERS Are Not From There – Guess What That Means… [VIDEO]
812,91,13135,Proof The Mainstream Media Is Manipulating The Election By Taking Bill Clinton Out Of Context
813,80,13145,SURPRISE! 70% Of Charlotte RIOTERS Are Not From There – Guess What That Means… [VIDEO]
814,73,13187,New Clinton Foundation SCANDAL Just Broke – This Is What Hillary ACTUALLY Thinks About Black People…
815,93,13217,Why is it “RACIST” to Question Someone’s Birth Certificate? – Eagle Rising
816,141,13219,"Two White Men Doused With Gasoline, Set On FIRE By Blacks"
817,91,13231,Proof The Mainstream Media Is Manipulating The Election By Taking Bill Clinton Out Of Context
818,91,13362,Proof The Mainstream Media Is Manipulating The Election By Taking Bill Clinton Out Of Context
819,91,13404,Proof The Mainstream Media Is Manipulating The Election By Taking Bill Clinton Out Of Context
820,141,13455,"Two White Men Doused With Gasoline, Set On FIRE By Blacks"
821,93,13486,Why is it “RACIST” to Question Someone’s Birth Certificate? – Eagle Rising
822,125,13486,Angela Merkel Admits Bringing In Muslim Refugees Was A Big Fat Mistake
823,91,13526,Proof The Mainstream Media Is Manipulating The Election By Taking Bill Clinton Out Of Context
824,125,13563,Angela Merkel Admits Bringing In Muslim Refugees Was A Big Fat Mistake
825,115,13589,Congress MUST Act! Five Days Until Obama's Internet Giveaway [Video]
826,93,13601,Why is it “RACIST” to Question Someone’s Birth Certificate? – Eagle Rising
827,91,13609,Proof The Mainstream Media Is Manipulating The Election By Taking Bill Clinton Out Of Context
828,141,13611,"Two White Men Doused With Gasoline, Set On FIRE By Blacks"
829,91,13622,Proof The Mainstream Media Is Manipulating The Election By Taking Bill Clinton Out Of Context
830,93,13632,Why is it “RACIST” to Question Someone’s Birth Certificate? – Eagle Rising
831,142,13672,"ALERT: Police Pull Over ‘Islamic Refugee,’ Horrified To See What Was In The Car"
832,80,13673,SURPRISE! 70% Of Charlotte RIOTERS Are Not From There – Guess What That Means… [VIDEO]
833,91,13688,Proof The Mainstream Media Is Manipulating The Election By Taking Bill Clinton Out Of Context
834,82,13728,EXPOSED: Soros Funding Fake Veterans’ PAC To Take Trump Down
835,113,13757,Trump Just Made A Campaign Promise So Ridiculous It Makes ‘Read My Lips’ Look Good ‹ Opposition Report
836,91,13786,Proof The Mainstream Media Is Manipulating The Election By Taking Bill Clinton Out Of Context
837,80,13813,SURPRISE! 70% Of Charlotte RIOTERS Are Not From There – Guess What That Means… [VIDEO]
838,82,13815,EXPOSED: Soros Funding Fake Veterans’ PAC To Take Trump Down
839,80,13826,SURPRISE! 70% Of Charlotte RIOTERS Are Not From There – Guess What That Means… [VIDEO]
840,93,13853,Why is it “RACIST” to Question Someone’s Birth Certificate? – Eagle Rising
841,93,13926,Why is it “RACIST” to Question Someone’s Birth Certificate? – Eagle Rising
842,91,13936,Proof The Mainstream Media Is Manipulating The Election By Taking Bill Clinton Out Of Context
843,91,13950,Proof The Mainstream Media Is Manipulating The Election By Taking Bill Clinton Out Of Context
844,142,13967,"ALERT: Police Pull Over ‘Islamic Refugee,’ Horrified To See What Was In The Car"
845,125,14028,Angela Merkel Admits Bringing In Muslim Refugees Was A Big Fat Mistake
846,91,14050,Proof The Mainstream Media Is Manipulating The Election By Taking Bill Clinton Out Of Context
847,113,14059,Trump Just Made A Campaign Promise So Ridiculous It Makes ‘Read My Lips’ Look Good ‹ Opposition Report
848,142,14145,"ALERT: Police Pull Over ‘Islamic Refugee,’ Horrified To See What Was In The Car"
849,142,14150,"ALERT: Police Pull Over ‘Islamic Refugee,’ Horrified To See What Was In The Car"
850,84,14219,BOOM! Marines Send TERRORISTS Scathing Message [VIDEO]
851,91,14219,Proof The Mainstream Media Is Manipulating The Election By Taking Bill Clinton Out Of Context
852,141,14259,"Two White Men Doused With Gasoline, Set On FIRE By Blacks"
853,7,14271,The Black Sphere with Kevin Jackson
854,73,14271,New Clinton Foundation SCANDAL Just Broke – This Is What Hillary ACTUALLY Thinks About Black People…
855,80,14271,SURPRISE! 70% Of Charlotte RIOTERS Are Not From There – Guess What That Means… [VIDEO]
856,150,14324,"New Jersey Moves To Impeach Chris Christie Over ""Bridgegate"""
857,93,14329,Why is it “RACIST” to Question Someone’s Birth Certificate? – Eagle Rising
858,91,14355,Proof The Mainstream Media Is Manipulating The Election By Taking Bill Clinton Out Of Context
859,21,14366,Hillary Denies She and Obama Founded ISIS…Then This Video Shows Up
860,77,14366,"‘We Don’t Adapt To Your Culture, You Adapt To Ours’"
861,141,14393,"Two White Men Doused With Gasoline, Set On FIRE By Blacks"
862,48,14402,Federal Agents Make Massive Discovery at Southern Border… ISIS Is Here ⋆ Freedom Daily
863,11,14477,Trump’s Latest Campaign Promise May Be His Most Horrible One Yet
864,36,14477,DESPICABLE! Hillary Wants To Put Hero Cop Who Stopped Mall Terror Attack Out Of BUSINESS ⋆ Freedom Daily
865,164,14477,New Clinton Foundation SCANDAL Just Broke – This Is What Hillary ACTUALLY Thinks About Black People…
866,177,14477,BREAKING: Steps to FORCE FBI Director Comey to Resign In Process – Hearing Decides His Fate Sept 28
867,178,14477,Hillary’s TOP Donor Country Just Auctioned Off ISIS Sex Slaves…
868,150,14481,"New Jersey Moves To Impeach Chris Christie Over ""Bridgegate"""
869,93,14518,Why is it “RACIST” to Question Someone’s Birth Certificate? – Eagle Rising
870,23,14529,Top Army Chief of Staff General Has Had It With Obama Incompetence ⋆ US Herald
871,30,14571,REVEALED! Minnesota Mall Attacker ID'd As One Of Hillary's Somali Muslim Refugees
872,7,14576,The Black Sphere with Kevin Jackson
873,73,14576,New Clinton Foundation SCANDAL Just Broke – This Is What Hillary ACTUALLY Thinks About Black People…
874,80,14576,SURPRISE! 70% Of Charlotte RIOTERS Are Not From There – Guess What That Means… [VIDEO]
875,23,14581,Top Army Chief of Staff General Has Had It With Obama Incompetence ⋆ US Herald
876,104,14601,Obama Pushes One World Government
877,130,14601,No WAY! Liberal Judge Just Made A Law For Black Males To Do This DISGUSTING Thing To Cops ⋆ Freedom Daily
878,141,14601,"Two White Men Doused With Gasoline, Set On FIRE By Blacks"
879,91,14608,Proof The Mainstream Media Is Manipulating The Election By Taking Bill Clinton Out Of Context
880,91,14616,Proof The Mainstream Media Is Manipulating The Election By Taking Bill Clinton Out Of Context
881,93,14661,Why is it “RACIST” to Question Someone’s Birth Certificate? – Eagle Rising
882,142,14670,"ALERT: Police Pull Over ‘Islamic Refugee,’ Horrified To See What Was In The Car"
883,91,14673,Proof The Mainstream Media Is Manipulating The Election By Taking Bill Clinton Out Of Context
884,93,14684,Why is it “RACIST” to Question Someone’s Birth Certificate? – Eagle Rising
885,115,14684,Congress MUST Act! Five Days Until Obama's Internet Giveaway [Video]
886,91,14702,Proof The Mainstream Media Is Manipulating The Election By Taking Bill Clinton Out Of Context
887,91,14717,Proof The Mainstream Media Is Manipulating The Election By Taking Bill Clinton Out Of Context
888,91,14761,Proof The Mainstream Media Is Manipulating The Election By Taking Bill Clinton Out Of Context
889,73,14765,New Clinton Foundation SCANDAL Just Broke – This Is What Hillary ACTUALLY Thinks About Black People…
890,93,14792,Why is it “RACIST” to Question Someone’s Birth Certificate? – Eagle Rising
891,93,14794,Why is it “RACIST” to Question Someone’s Birth Certificate? – Eagle Rising
892,80,14800,SURPRISE! 70% Of Charlotte RIOTERS Are Not From There – Guess What That Means… [VIDEO]
893,8,14835,"The AP, In 2004, Said Your Boy Obama Was BORN In This Particular Country"
894,93,14835,Why is it “RACIST” to Question Someone’s Birth Certificate? – Eagle Rising
895,142,14849,"ALERT: Police Pull Over ‘Islamic Refugee,’ Horrified To See What Was In The Car"
896,93,14854,Why is it “RACIST” to Question Someone’s Birth Certificate? – Eagle Rising
897,93,14862,Why is it “RACIST” to Question Someone’s Birth Certificate? – Eagle Rising
898,30,14890,REVEALED! Minnesota Mall Attacker ID'd As One Of Hillary's Somali Muslim Refugees
899,23,14912,Top Army Chief of Staff General Has Had It With Obama Incompetence ⋆ US Herald
900,93,14928,Why is it “RACIST” to Question Someone’s Birth Certificate? – Eagle Rising
901,104,14929,Obama Pushes One World Government
902,113,14929,Trump Just Made A Campaign Promise So Ridiculous It Makes ‘Read My Lips’ Look Good ‹ Opposition Report
903,115,14929,Congress MUST Act! Five Days Until Obama's Internet Giveaway [Video]
904,130,14929,No WAY! Liberal Judge Just Made A Law For Black Males To Do This DISGUSTING Thing To Cops ⋆ Freedom Daily
905,150,14935,"New Jersey Moves To Impeach Chris Christie Over ""Bridgegate"""
906,141,14937,"Two White Men Doused With Gasoline, Set On FIRE By Blacks"
907,80,14960,SURPRISE! 70% Of Charlotte RIOTERS Are Not From There – Guess What That Means… [VIDEO]
908,104,14967,Obama Pushes One World Government
909,115,14967,Congress MUST Act! Five Days Until Obama's Internet Giveaway [Video]
910,130,14967,No WAY! Liberal Judge Just Made A Law For Black Males To Do This DISGUSTING Thing To Cops ⋆ Freedom Daily
911,93,14968,Why is it “RACIST” to Question Someone’s Birth Certificate? – Eagle Rising
912,150,14969,"New Jersey Moves To Impeach Chris Christie Over ""Bridgegate"""
913,91,14971,Proof The Mainstream Media Is Manipulating The Election By Taking Bill Clinton Out Of Context
914,115,14983,Congress MUST Act! Five Days Until Obama's Internet Giveaway [Video]
915,93,15007,Why is it “RACIST” to Question Someone’s Birth Certificate? – Eagle Rising
916,113,15113,Trump Just Made A Campaign Promise So Ridiculous It Makes ‘Read My Lips’ Look Good ‹ Opposition Report
917,93,15248,Why is it “RACIST” to Question Someone’s Birth Certificate? – Eagle Rising
